school,city,state,conference,arena
Boston College,Chestnut Hill,MA,ACC,Conte Forum
California,Berkeley,CA,ACC,Haas Pavilion
Clemson,Clemson,SC,ACC,Littlejohn Coliseum
Duke,Durham,NC,ACC,Cameron Indoor Stadium
Florida State,Tallahassee,FL,ACC,Donald L. Tucker Center
Georgia Tech,Atlanta,GA,ACC,McCamish Pavilion
Louisville,Louisville,KY,ACC,KFC Yum! Center
Miami,Coral Gables,FL,ACC,Watsco Center
NC State,Raleigh,NC,ACC,Lenovo Center
North Carolina,Chapel Hill,NC,ACC,Dean E. Smith Center
Notre Dame,Notre Dame,IN,Independent,Purcell Pavilion
Pittsburgh,Pittsburgh,PA,ACC,Petersen Events Center
SMU,Dallas,TX,ACC,Moody Coliseum
Stanford,Stanford,CA,ACC,Maples Pavilion
Syracuse,Syracuse,NY,ACC,JMA Wireless Dome
Virginia Tech,Blacksburg,VA,ACC,Cassell Coliseum
Virginia,Charlottesville,VA,ACC,John Paul Jones Arena
Wake Forest,Winston-Salem,NC,ACC,LJVM Coliseum
Illinois,Champaign,IL,Big Ten,State Farm Center
Indiana,Bloomington,IN,Big Ten,Assembly Hall
Iowa,Iowa City,IA,Big Ten,Carver-Hawkeye Arena
Maryland,College Park,MD,Big Ten,Xfinity Center
Michigan State,East Lansing,MI,Big Ten,Breslin Center
Michigan,Ann Arbor,MI,Big Ten,Crisler Center
Minnesota,Minneapolis,MN,Big Ten,Williams Arena
Nebraska,Lincoln,NE,Big Ten,Pinnacle Bank Arena
Northwestern,Evanston,IL,Big Ten,Welsh-Ryan Arena
Ohio State,Columbus,OH,Big Ten,Value City Arena
Oregon,Eugene,OR,Big Ten,Matthew Knight Arena
Penn State,University Park,PA,Big Ten,Bryce Jordan Center
Purdue,West Lafayette,IN,Big Ten,Mackey Arena
Rutgers,Piscataway,NJ,Big Ten,Jersey Mike's Arena
UCLA,Los Angeles,CA,Big Ten,Pauley Pavilion
USC,Los Angeles,CA,Big Ten,Galen Center
Washington,Seattle,WA,Big Ten,Alaska Airlines Arena
Wisconsin,Madison,WI,Big Ten,Kohl Center
Arizona State,Tempe,AZ,Big 12,Desert Financial Arena
Arizona,Tucson,AZ,Big 12,McKale Center
BYU,Provo,UT,Big 12,Marriott Center
Baylor,Waco,TX,Big 12,Foster Pavilion
Cincinnati,Cincinnati,OH,Big 12,Fifth Third Arena
Colorado,Boulder,CO,Big 12,CU Events Center
Houston,Houston,TX,Big 12,Fertitta Center
Iowa State,Ames,IA,Big 12,Hilton Coliseum
Kansas State,Manhattan,KS,Big 12,Bramlage Coliseum
Kansas,Lawrence,KS,Big 12,Allen Fieldhouse
Oklahoma State,Stillwater,OK,Big 12,Gallagher-Iba Arena
TCU,Fort Worth,TX,Big 12,Schollmaier Arena
Texas Tech,Lubbock,TX,Big 12,United Supermarkets Arena
UCF,Orlando,FL,Big 12,Addition Financial Arena
Utah,Salt Lake City,UT,Big 12,Jon M. Huntsman Center
West Virginia,Morgantown,WV,Big 12,WVU Coliseum
Alabama,Tuscaloosa,AL,SEC,Coleman Coliseum
Arkansas,Fayetteville,AR,SEC,Bud Walton Arena
Auburn,Auburn,AL,SEC,Neville Arena
Florida,Gainesville,FL,SEC,Exactech Arena
Georgia,Athens,GA,SEC,Stegeman Coliseum
Kentucky,Lexington,KY,SEC,Rupp Arena
LSU,Baton Rouge,LA,SEC,Pete Maravich Assembly Center
Mississippi State,Starkville,MS,SEC,Humphrey Coliseum
Missouri,Columbia,MO,SEC,Mizzou Arena
Oklahoma,Norman,OK,SEC,Lloyd Noble Center
Ole Miss,Oxford,MS,SEC,The Sandy and John Black Pavilion
South Carolina,Columbia,SC,SEC,Colonial Life Arena
Tennessee,Knoxville,TN,SEC,Thompson-Boling Arena
Texas A&M,College Station,TX,SEC,Reed Arena
Texas,Austin,TX,SEC,Moody Center
Vanderbilt,Nashville,TN,SEC,Memorial Gymnasium
Butler,Indianapolis,IN,Big East,Hinkle Fieldhouse
Creighton,Omaha,NE,Big East,CHI Health Center Omaha
Georgetown,Washington,DC,Big East,Capital One Arena
Providence,Providence,RI,Big East,Amica Mutual Pavilion
Seton Hall,South Orange,NJ,Big East,Prudential Center
St. John's,Queens,NY,Big East,Carnesecca Arena
UConn,Storrs,CT,Independent,Gampel Pavilion
Villanova,Villanova,PA,Big East,Finneran Pavilion
Xavier,Cincinnati,OH,Big East,Cintas Center
Oregon State,Corvallis,OR,Pac-12,Gill Coliseum
Washington State,Pullman,WA,Pac-12,Beasley Coliseum
DePaul,Chicago,IL,Big East,Wintrust Arena
Marquette,Milwaukee,WI,Big East,Fiserv Forum
