team,city,state,league,ballpark
Buffalo Bisons,Buffalo,NY,Triple-A - International League,Sahlen Field
Charlotte Knights,Charlotte,NC,Triple-A - International League,Truist Field
Columbus Clippers,Columbus,OH,Triple-A - International League,Huntington Park
Durham Bulls,Durham,NC,Triple-A - International League,Durham Bulls Athletic Park
Gwinnett Stripers,Lawrenceville,GA,Triple-A - International League,Gwinnett Field
Indianapolis Indians,Indianapolis,IN,Triple-A - International League,Victory Field
Iowa Cubs,Des Moines,IA,Triple-A - International League,Principal Park
Jacksonville Jumbo Shrimp,Jacksonville,FL,Triple-A - International League,Bragan Field at VyStar Ballpark
Lehigh Valley IronPigs,Allentown,PA,Triple-A - International League,Coca-Cola Park
Louisville Bats,Louisville,KY,Triple-A - International League,Louisville Slugger Field
Memphis Redbirds,Memphis,TN,Triple-A - International League,AutoZone Park
Nashville Sounds,Nashville,TN,Triple-A - International League,First Horizon Park
Norfolk Tides,Norfolk,VA,Triple-A - International League,Harbor Park
Omaha Storm Chasers,Papillion,NE,Triple-A - International League,Werner Park
Rochester Red Wings,Rochester,NY,Triple-A - International League,ESL Ballpark
St. Paul Saints,St. Paul,MN,Triple-A - International League,CHS Field
Scranton/Wilkes-Barre RailRiders,Moosic,PA,Triple-A - International League,PNC Field
Syracuse Mets,Syracuse,NY,Triple-A - International League,NBT Bank Stadium
Toledo Mud Hens,Toledo,OH,Triple-A - International League,Fifth Third Field
Worcester Red Sox,Worcester,MA,Triple-A - International League,Polar Park
Albuquerque Isotopes,Albuquerque,NM,Triple-A - Pacific Coast League,Isotopes Park
El Paso Chihuahuas,El Paso,TX,Triple-A - Pacific Coast League,Southwest University Park
Las Vegas Aviators,Las Vegas,NV,Triple-A - Pacific Coast League,Las Vegas Ballpark
Oklahoma City Comets,Oklahoma City,OK,Triple-A - Pacific Coast League,Chickasaw Bricktown Ballpark
Reno Aces,Reno,NV,Triple-A - Pacific Coast League,Greater Nevada Field
Round Rock Express,Round Rock,TX,Triple-A - Pacific Coast League,Dell Diamond
Sacramento River Cats,West Sacramento,CA,Triple-A - Pacific Coast League,Sutter Health Park
Salt Lake Bees,South Jordan,UT,Triple-A - Pacific Coast League,The Ballpark at America First Square
Sugar Land Space Cowboys,Sugar Land,TX,Triple-A - Pacific Coast League,Constellation Field
Tacoma Rainiers,Tacoma,WA,Triple-A - Pacific Coast League,Cheney Stadium
Akron RubberDucks,Akron,OH,Double-A - Eastern League,7 17 Credit Union Park
Altoona Curve,Altoona,PA,Double-A - Eastern League,Peoples Natural Gas Field
Binghamton Rumble Ponies,Binghamton,NY,Double-A - Eastern League,Mirabito Stadium
Chesapeake Baysox,Bowie,MD,Double-A - Eastern League,Prince George's Stadium
Erie SeaWolves,Erie,PA,Double-A - Eastern League,UPMC Park
Harrisburg Senators,Harrisburg,PA,Double-A - Eastern League,FNB Field
Hartford Yard Goats,Hartford,CT,Double-A - Eastern League,Dunkin' Park
New Hampshire Fisher Cats,Manchester,NH,Double-A - Eastern League,Delta Dental Stadium
Portland Sea Dogs,Portland,ME,Double-A - Eastern League,Delta Dental Park at Hadlock Field
Reading Fightin Phils,Reading,PA,Double-A - Eastern League,FirstEnergy Stadium
Richmond Flying Squirrels,Richmond,VA,Double-A - Eastern League,CarMax Park
Somerset Patriots,Bridgewater,NJ,Double-A - Eastern League,TD Bank Ballpark
Biloxi Shuckers,Biloxi,MS,Double-A - Southern League,Keesler Federal Park
Birmingham Barons,Birmingham,AL,Double-A - Southern League,Regions Field
Chattanooga Lookouts,Chattanooga,TN,Double-A - Southern League,Erlanger Park
Columbus Clingstones,Columbus,GA,Double-A - Southern League,Synovus Park
Knoxville Smokies,Knoxville,TN,Double-A - Southern League,Covenant Health Park
Montgomery Biscuits,Montgomery,AL,Double-A - Southern League,Riverwalk Stadium
Pensacola Blue Wahoos,Pensacola,FL,Double-A - Southern League,Blue Wahoos Stadium
Rocket City Trash Pandas,Madison,AL,Double-A - Southern League,Toyota Field
Amarillo Sod Poodles,Amarillo,TX,Double-A - Texas League,Hodgetown
Arkansas Travelers,North Little Rock,AR,Double-A - Texas League,Dickey-Stephens Park
Corpus Christi Hooks,Corpus Christi,TX,Double-A - Texas League,Whataburger Field
Frisco RoughRiders,Frisco,TX,Double-A - Texas League,Riders Field
Midland RockHounds,Midland,TX,Double-A - Texas League,Momentum Bank Ballpark
Northwest Arkansas Naturals,Springdale,AR,Double-A - Texas League,Arvest Ballpark
San Antonio Missions,San Antonio,TX,Double-A - Texas League,Nelson W. Wolff Municipal Stadium
Springfield Cardinals,Springfield,MO,Double-A - Texas League,Route 66 Stadium
Tulsa Drillers,Tulsa,OK,Double-A - Texas League,ONEOK Field
Wichita Wind Surge,Wichita,KS,Double-A - Texas League,Equity Bank Park
Asheville Tourists,Asheville,NC,High-A - South Atlantic League,HomeTrust Park
Bowling Green Hot Rods,Bowling Green,KY,High-A - South Atlantic League,Bowling Green Ballpark
Brooklyn Cyclones,Brooklyn,NY,High-A - South Atlantic League,Maimonides Park
Frederick Keys,Frederick,MD,High-A - South Atlantic League,Nymeo Field at Harry Grove Stadium
Greensboro Grasshoppers,Greensboro,NC,High-A - South Atlantic League,First National Bank Field
Greenville Drive,Greenville,SC,High-A - South Atlantic League,Fluor Field
Hub City Spartanburgers,Spartanburg,SC,High-A - South Atlantic League,Fifth Third Park
Hudson Valley Renegades,Fishkill,NY,High-A - South Atlantic League,Heritage Financial Park
Jersey Shore BlueClaws,Lakewood,NJ,High-A - South Atlantic League,ShoreTown Ballpark
Rome Emperors,Rome,GA,High-A - South Atlantic League,AdventHealth Stadium
Wilmington Blue Rocks,Wilmington,DE,High-A - South Atlantic League,Frawley Stadium
Winston-Salem Dash,Winston-Salem,NC,High-A - South Atlantic League,Truist Stadium
Beloit Sky Carp,Beloit,WI,High-A - Midwest League,ABC Supply Stadium
Cedar Rapids Kernels,Cedar Rapids,IA,High-A - Midwest League,Veterans Memorial Stadium
Dayton Dragons,Dayton,OH,High-A - Midwest League,Day Air Ballpark
Fort Wayne TinCaps,Fort Wayne,IN,High-A - Midwest League,Parkview Field
Great Lakes Loons,Midland,MI,High-A - Midwest League,Dow Diamond
Lake County Captains,Eastlake,OH,High-A - Midwest League,Classic Auto Group Park
Lansing Lugnuts,Lansing,MI,High-A - Midwest League,Jackson Field
Peoria Chiefs,Peoria,IL,High-A - Midwest League,Dozer Park
Quad Cities River Bandits,Davenport,IA,High-A - Midwest League,Modern Woodmen Park
South Bend Cubs,South Bend,IN,High-A - Midwest League,Four Winds Field
West Michigan Whitecaps,Comstock Park,MI,High-A - Midwest League,LMCU Ballpark
Wisconsin Timber Rattlers,Appleton,WI,High-A - Midwest League,Neuroscience Group Field
Eugene Emeralds,Eugene,OR,High-A - Northwest League,PK Park
Everett AquaSox,Everett,WA,High-A - Northwest League,Everett Memorial Stadium
Hillsboro Hops,Hillsboro,OR,High-A - Northwest League,Hillsboro Ballpark
Spokane Indians,Spokane,WA,High-A - Northwest League,Avista Stadium
Tri-City Dust Devils,Pasco,WA,High-A - Northwest League,Gesa Stadium
Vancouver Canadians,Vancouver,BC,High-A - Northwest League,Rogers Field at Nat Bailey Stadium
Fresno Grizzlies,Fresno,CA,Single-A - California League,Chukchansi Park
Inland Empire 66ers,San Bernardino,CA,Single-A - California League,San Manuel Stadium
Lake Elsinore Storm,Lake Elsinore,CA,Single-A - California League,The Diamond
Modesto Nuts,Modesto,CA,Single-A - California League,John Thurman Field
Rancho Cucamonga Quakes,Rancho Cucamonga,CA,Single-A - California League,LoanMart Field
San Jose Giants,San Jose,CA,Single-A - California League,Excite Ballpark
Stockton Ports,Stockton,CA,Single-A - California League,Banner Island Ballpark
Visalia Rawhide,Visalia,CA,Single-A - California League,Valley Strong Ballpark
Bradenton Marauders,Bradenton,FL,Single-A - Florida State League,LECOM Park
Clearwater Threshers,Clearwater,FL,Single-A - Florida State League,BayCare Ballpark
Daytona Tortugas,Daytona Beach,FL,Single-A - Florida State League,Jackie Robinson Ballpark
Dunedin Blue Jays,Dunedin,FL,Single-A - Florida State League,TD Ballpark
Fort Myers Mighty Mussels,Fort Myers,FL,Single-A - Florida State League,Hammond Stadium
Jupiter Hammerheads,Jupiter,FL,Single-A - Florida State League,Roger Dean Chevrolet Stadium
Lakeland Flying Tigers,Lakeland,FL,Single-A - Florida State League,Joker Marchant Stadium
Palm Beach Cardinals,Jupiter,FL,Single-A - Florida State League,Roger Dean Chevrolet Stadium
St. Lucie Mets,Port St. Lucie,FL,Single-A - Florida State League,Clover Park
Tampa Tarpons,Tampa,FL,Single-A - Florida State League,George M. Steinbrenner Field
Augusta GreenJackets,North Augusta,SC,Single-A - Carolina League,SRP Park
Charleston RiverDogs,Charleston,SC,Single-A - Carolina League,Joseph P. Riley Jr. Park
Columbia Fireflies,Columbia,SC,Single-A - Carolina League,Segra Park
Delmarva Shorebirds,Salisbury,MD,Single-A - Carolina League,Arthur W. Perdue Stadium
Fayetteville Woodpeckers,Fayetteville,NC,Single-A - Carolina League,Segra Stadium
Fredericksburg Nationals,Fredericksburg,VA,Single-A - Carolina League,Virginia Credit Union Stadium
Hickory Crawdads,Hickory,NC,Single-A - Carolina League,L.P. Frans Stadium
Hill City Howlers,Lynchburg,VA,Single-A - Carolina League,City Stadium
Kannapolis Cannon Ballers,Kannapolis,NC,Single-A - Carolina League,Atrium Health Ballpark
Myrtle Beach Pelicans,Myrtle Beach,SC,Single-A - Carolina League,Pelicans Ballpark
Salem RidgeYaks,Salem,VA,Single-A - Carolina League,Carilion Clinic Field at Salem Memorial Ballpark
Wilson Warbirds,Wilson,NC,Single-A - Carolina League,Wilson Ballpark
